[
  {
    "id": "8199dcbe-b40d-490e-9378-64a994cf4b10",
    "data": [
      {
        "text": "@",
        "userDefined": false
      },
      {
        "text": "greetingsentity",
        "alias": "GreetingsEntity",
        "meta": "@GreetingsEntity",
        "userDefined": true
      }
    ],
    "isTemplate": false,
    "count": 0
  },
  {
    "id": "92bcd1ba-6dfc-44d1-953d-9783ffbccc62",
    "data": [
      {
        "text": "ho ho ho",
        "userDefined": false
      }
    ],
    "isTemplate": false,
    "count": 0
  },
  {
    "id": "92853541-34f1-45fe-8afd-12d7090f466b",
    "data": [
      {
        "text": "good morning",
        "userDefined": false
      }
    ],
    "isTemplate": false,
    "count": 0
  },
  {
    "id": "4c35507f-3f7a-495c-8e0b-57cae71d379b",
    "data": [
      {
        "text": "hello",
        "userDefined": false
      }
    ],
    "isTemplate": false,
    "count": 0
  },
  {
    "id": "edbf63fa-cbe0-4e52-91c1-c11c444d9c64",
    "data": [
      {
        "text": "Hi",
        "userDefined": false
      }
    ],
    "isTemplate": false,
    "count": 0
  },
  {
    "id": "c214cb12-eaf4-443e-b674-db6395e45263",
    "data": [
      {
        "text": "merry christmas",
        "userDefined": false
      }
    ],
    "isTemplate": false,
    "count": 0
  },
  {
    "id": "1744af1f-e6a5-4d66-9c7f-70c12d60b98f",
    "data": [
      {
        "text": "happy holidays",
        "userDefined": false
      }
    ],
    "isTemplate": false,
    "count": 0
  }
]