[
  {
    "id": "d35ed3df-441e-45ab-8f2d-f10fa3bba83c",
    "data": [
      {
        "text": "Liar",
        "userDefined": false
      }
    ],
    "isTemplate": false,
    "count": 0
  },
  {
    "id": "01dbc6ad-29ed-4cfa-8e32-e968bd1e999a",
    "data": [
      {
        "text": "This is not true.",
        "userDefined": false
      }
    ],
    "isTemplate": false,
    "count": 0
  },
  {
    "id": "52783043-7cd1-41da-b9c8-fa14d194aaa7",
    "data": [
      {
        "text": "Fake News",
        "userDefined": false
      }
    ],
    "isTemplate": false,
    "count": 0,
    "updated": 1514122588
  }
]