[
  {
    "id": "3f8e20bb-e96b-4f41-a951-44fd0e1fde0d",
    "data": [
      {
        "text": "Is ",
        "userDefined": false
      },
      {
        "text": "Rhonda",
        "alias": "RhondaEntity",
        "meta": "@RhondaEntity",
        "userDefined": false
      },
      {
        "text": " on the Naughty List?",
        "userDefined": false
      }
    ],
    "isTemplate": false,
    "count": 0
  },
  {
    "id": "7165fbb4-34d8-481e-baa2-edf5e694fa68",
    "data": [
      {
        "text": "Is ",
        "userDefined": false
      },
      {
        "text": "Rhonda",
        "alias": "RhondaEntity",
        "meta": "@RhondaEntity",
        "userDefined": true
      },
      {
        "text": " on the nice list?",
        "userDefined": false
      }
    ],
    "isTemplate": false,
    "count": 0
  },
  {
    "id": "59daf938-f15a-4e27-89c5-55f7fbb883f9",
    "data": [
      {
        "text": "Rhonda",
        "alias": "RhondaEntity",
        "meta": "@RhondaEntity",
        "userDefined": false
      }
    ],
    "isTemplate": false,
    "count": 0
  },
  {
    "id": "fcd1b36f-c73a-43bf-8263-002bc5e329ac",
    "data": [
      {
        "text": "My name is ",
        "userDefined": false
      },
      {
        "text": "Rhonda",
        "alias": "RhondaEntity",
        "meta": "@RhondaEntity",
        "userDefined": false
      }
    ],
    "isTemplate": false,
    "count": 0
  }
]