[
  {
    "id": "8da77e7a-2410-45f4-aaff-57cc5680991b",
    "data": [
      {
        "text": "Is @sys.given-name on the naughty list?",
        "userDefined": false
      }
    ],
    "isTemplate": false,
    "count": 0
  },
  {
    "id": "1f4f5a7b-f1ea-4310-aa0c-61a774c16b3e",
    "data": [
      {
        "text": "Is ",
        "userDefined": false
      },
      {
        "text": "@sys.given-name",
        "alias": "given-name",
        "meta": "@sys.given-name",
        "userDefined": true
      },
      {
        "text": " on the nice list?",
        "userDefined": false
      }
    ],
    "isTemplate": false,
    "count": 0
  }
]