[
  {
    "id": "2452ac15-8c4b-4b3e-ad98-b006758edb45",
    "data": [
      {
        "text": "Who is on the nice list?",
        "userDefined": false
      }
    ],
    "isTemplate": false,
    "count": 0
  },
  {
    "id": "df13896e-c4eb-4ceb-9c0a-05dcbaa6ab5d",
    "data": [
      {
        "text": "Does Santa have me on the nice or naughty list?",
        "userDefined": false
      }
    ],
    "isTemplate": false,
    "count": 0
  },
  {
    "id": "2c9fc5cc-fad2-4d40-8ac2-61df45a8b27f",
    "data": [
      {
        "text": "What list am I on?",
        "userDefined": false
      }
    ],
    "isTemplate": false,
    "count": 0
  },
  {
    "id": "373492b0-e80d-403e-9b93-c788f45315af",
    "data": [
      {
        "text": "I am on the nice or naughty list?",
        "userDefined": false
      }
    ],
    "isTemplate": false,
    "count": 0
  },
  {
    "id": "89e824b7-ebd4-4387-b7e7-8c49c662ae37",
    "data": [
      {
        "text": "Am I on the nice list?",
        "userDefined": false
      }
    ],
    "isTemplate": false,
    "count": 0
  },
  {
    "id": "d3c9c59a-5a25-44b2-bace-996c285205fa",
    "data": [
      {
        "text": "Am I on the Naughty List",
        "userDefined": false
      }
    ],
    "isTemplate": false,
    "count": 0,
    "updated": 1513693658
  }
]