[
  {
    "id": "8fb2a66e-96cd-49c5-92b8-a628840ad8f6",
    "data": [
      {
        "text": "@specialnamesentity",
        "alias": "SpecialNamesEntity",
        "meta": "@SpecialNamesEntity",
        "userDefined": true
      }
    ],
    "isTemplate": false,
    "count": 0
  },
  {
    "id": "54d0cdc1-64f7-4626-bdfa-7b510a43f4df",
    "data": [
      {
        "text": "My name is ",
        "userDefined": false
      },
      {
        "text": "@specialnamesentity",
        "alias": "SpecialNamesEntity",
        "meta": "@SpecialNamesEntity",
        "userDefined": true
      }
    ],
    "isTemplate": false,
    "count": 0,
    "updated": 1513698769
  }
]