[
  {
    "id": "84ab9d62-4173-4c17-899e-c9d7dba8d6d0",
    "data": [
      {
        "text": "@",
        "userDefined": false
      },
      {
        "text": "sys.given-name",
        "alias": "given-name",
        "meta": "@sys.given-name",
        "userDefined": true
      }
    ],
    "isTemplate": false,
    "count": 0
  },
  {
    "id": "351bb5e6-d292-46ce-8173-fac409537ea6",
    "data": [
      {
        "text": "I am ",
        "userDefined": false
      },
      {
        "text": "@sys.given-name",
        "alias": "given-name",
        "meta": "@sys.given-name",
        "userDefined": true
      }
    ],
    "isTemplate": false,
    "count": 0
  },
  {
    "id": "f14f3637-a4e1-4328-973f-912d2cf626ba",
    "data": [
      {
        "text": "My name is ",
        "userDefined": false
      },
      {
        "text": "@sys.given-name",
        "alias": "given-name",
        "meta": "@sys.given-name",
        "userDefined": true
      }
    ],
    "isTemplate": false,
    "count": 0,
    "updated": 1513685351
  }
]