[
  {
    "id": "fa20f728-184a-456d-982a-fb416416c14a",
    "data": [
      {
        "text": "What do you mean?",
        "userDefined": false
      }
    ],
    "isTemplate": false,
    "count": 0
  },
  {
    "id": "2fc8aa48-bbf2-4e1b-ba83-b2e222bd23d3",
    "data": [
      {
        "text": "This sucks",
        "userDefined": false
      }
    ],
    "isTemplate": false,
    "count": 0
  },
  {
    "id": "fee10993-3390-41e9-bc06-a6d77c23e5ca",
    "data": [
      {
        "text": "darn it",
        "userDefined": false
      }
    ],
    "isTemplate": false,
    "count": 0
  },
  {
    "id": "e300c8a9-1b3b-4b41-8ea7-76c3b8688a24",
    "data": [
      {
        "text": "I do not believe that I am on the naughty list.",
        "userDefined": false
      }
    ],
    "isTemplate": false,
    "count": 0
  },
  {
    "id": "ee1a480e-1a72-4e55-a4a5-fe91ea2943d9",
    "data": [
      {
        "text": "I am nice",
        "userDefined": false
      }
    ],
    "isTemplate": false,
    "count": 0
  },
  {
    "id": "1b2fe448-5c61-4ad1-abf3-bf30ba3b5f39",
    "data": [
      {
        "text": "I am on the nice list.",
        "userDefined": false
      }
    ],
    "isTemplate": false,
    "count": 0
  },
  {
    "id": "07c65f84-5ea3-4ffb-b106-eac4b4a2beba",
    "data": [
      {
        "text": "How can that be?",
        "userDefined": false
      }
    ],
    "isTemplate": false,
    "count": 0
  },
  {
    "id": "19ffebe2-52c7-4d53-8e33-33217f6ce056",
    "data": [
      {
        "text": "That is impossible",
        "userDefined": false
      }
    ],
    "isTemplate": false,
    "count": 0
  },
  {
    "id": "821ef841-5383-4908-852d-83c068d68cd1",
    "data": [
      {
        "text": "So wrong!",
        "userDefined": false
      }
    ],
    "isTemplate": false,
    "count": 0
  },
  {
    "id": "d142621d-2f6a-4065-a550-d5a240474d14",
    "data": [
      {
        "text": "I disagree.",
        "userDefined": false
      }
    ],
    "isTemplate": false,
    "count": 0
  },
  {
    "id": "294b2add-6d16-4a56-af9b-96bbb94c96ea",
    "data": [
      {
        "text": "Are you sure this is right?",
        "userDefined": false
      }
    ],
    "isTemplate": false,
    "count": 0
  },
  {
    "id": "9808e0bb-34f1-4dc2-98c1-ca72db4a6f5d",
    "data": [
      {
        "text": "This is wrong",
        "userDefined": false
      }
    ],
    "isTemplate": false,
    "count": 0,
    "updated": 1514061044
  }
]